--
-- PostgreSQL database dump
--

\restrict G8Rrqt7Eyum5UCZZvFIj2y7BZGHhHJ0veaOxaNGgZTleejDZNwkaCmMTgnu5eNF

-- Dumped from database version 17.6 (Debian 17.6-2.pgdg13+1)
-- Dumped by pg_dump version 17.6 (Debian 17.6-2.pgdg13+1)

SET statement_timeout = 0;
SET lock_timeout = 0;
SET idle_in_transaction_session_timeout = 0;
SET transaction_timeout = 0;
SET client_encoding = 'UTF8';
SET standard_conforming_strings = on;
SELECT pg_catalog.set_config('search_path', '', false);
SET check_function_bodies = false;
SET xmloption = content;
SET client_min_messages = warning;
SET row_security = off;

SET default_tablespace = '';

SET default_table_access_method = heap;

--
-- Name: accounts_user; Type: TABLE; Schema: public; Owner: behruz
--

CREATE TABLE public.accounts_user (
    id bigint NOT NULL,
    password character varying(128) NOT NULL,
    last_login timestamp with time zone,
    is_superuser boolean NOT NULL,
    username character varying(150) NOT NULL,
    first_name character varying(150) NOT NULL,
    last_name character varying(150) NOT NULL,
    email character varying(254) NOT NULL,
    is_staff boolean NOT NULL,
    is_active boolean NOT NULL,
    date_joined timestamp with time zone NOT NULL,
    created_at timestamp with time zone NOT NULL,
    updated_at timestamp with time zone NOT NULL,
    telegram_id character varying(200),
    region_id bigint
);


ALTER TABLE public.accounts_user OWNER TO behruz;

--
-- Name: accounts_user_groups; Type: TABLE; Schema: public; Owner: behruz
--

CREATE TABLE public.accounts_user_groups (
    id bigint NOT NULL,
    user_id bigint NOT NULL,
    group_id integer NOT NULL
);


ALTER TABLE public.accounts_user_groups OWNER TO behruz;

--
-- Name: accounts_user_groups_id_seq; Type: SEQUENCE; Schema: public; Owner: behruz
--

ALTER TABLE public.accounts_user_groups ALTER COLUMN id ADD GENERATED BY DEFAULT AS IDENTITY (
    SEQUENCE NAME public.accounts_user_groups_id_seq
    START WITH 1
    INCREMENT BY 1
    NO MINVALUE
    NO MAXVALUE
    CACHE 1
);


--
-- Name: accounts_user_id_seq; Type: SEQUENCE; Schema: public; Owner: behruz
--

ALTER TABLE public.accounts_user ALTER COLUMN id ADD GENERATED BY DEFAULT AS IDENTITY (
    SEQUENCE NAME public.accounts_user_id_seq
    START WITH 1
    INCREMENT BY 1
    NO MINVALUE
    NO MAXVALUE
    CACHE 1
);


--
-- Name: accounts_user_user_permissions; Type: TABLE; Schema: public; Owner: behruz
--

CREATE TABLE public.accounts_user_user_permissions (
    id bigint NOT NULL,
    user_id bigint NOT NULL,
    permission_id integer NOT NULL
);


ALTER TABLE public.accounts_user_user_permissions OWNER TO behruz;

--
-- Name: accounts_user_user_permissions_id_seq; Type: SEQUENCE; Schema: public; Owner: behruz
--

ALTER TABLE public.accounts_user_user_permissions ALTER COLUMN id ADD GENERATED BY DEFAULT AS IDENTITY (
    SEQUENCE NAME public.accounts_user_user_permissions_id_seq
    START WITH 1
    INCREMENT BY 1
    NO MINVALUE
    NO MAXVALUE
    CACHE 1
);


--
-- Name: auth_group; Type: TABLE; Schema: public; Owner: behruz
--

CREATE TABLE public.auth_group (
    id integer NOT NULL,
    name character varying(150) NOT NULL
);


ALTER TABLE public.auth_group OWNER TO behruz;

--
-- Name: auth_group_id_seq; Type: SEQUENCE; Schema: public; Owner: behruz
--

ALTER TABLE public.auth_group ALTER COLUMN id ADD GENERATED BY DEFAULT AS IDENTITY (
    SEQUENCE NAME public.auth_group_id_seq
    START WITH 1
    INCREMENT BY 1
    NO MINVALUE
    NO MAXVALUE
    CACHE 1
);


--
-- Name: auth_group_permissions; Type: TABLE; Schema: public; Owner: behruz
--

CREATE TABLE public.auth_group_permissions (
    id bigint NOT NULL,
    group_id integer NOT NULL,
    permission_id integer NOT NULL
);


ALTER TABLE public.auth_group_permissions OWNER TO behruz;

--
-- Name: auth_group_permissions_id_seq; Type: SEQUENCE; Schema: public; Owner: behruz
--

ALTER TABLE public.auth_group_permissions ALTER COLUMN id ADD GENERATED BY DEFAULT AS IDENTITY (
    SEQUENCE NAME public.auth_group_permissions_id_seq
    START WITH 1
    INCREMENT BY 1
    NO MINVALUE
    NO MAXVALUE
    CACHE 1
);


--
-- Name: auth_permission; Type: TABLE; Schema: public; Owner: behruz
--

CREATE TABLE public.auth_permission (
    id integer NOT NULL,
    name character varying(255) NOT NULL,
    content_type_id integer NOT NULL,
    codename character varying(100) NOT NULL
);


ALTER TABLE public.auth_permission OWNER TO behruz;

--
-- Name: auth_permission_id_seq; Type: SEQUENCE; Schema: public; Owner: behruz
--

ALTER TABLE public.auth_permission ALTER COLUMN id ADD GENERATED BY DEFAULT AS IDENTITY (
    SEQUENCE NAME public.auth_permission_id_seq
    START WITH 1
    INCREMENT BY 1
    NO MINVALUE
    NO MAXVALUE
    CACHE 1
);


--
-- Name: django_admin_log; Type: TABLE; Schema: public; Owner: behruz
--

CREATE TABLE public.django_admin_log (
    id integer NOT NULL,
    action_time timestamp with time zone NOT NULL,
    object_id text,
    object_repr character varying(200) NOT NULL,
    action_flag smallint NOT NULL,
    change_message text NOT NULL,
    content_type_id integer,
    user_id bigint NOT NULL,
    CONSTRAINT django_admin_log_action_flag_check CHECK ((action_flag >= 0))
);


ALTER TABLE public.django_admin_log OWNER TO behruz;

--
-- Name: django_admin_log_id_seq; Type: SEQUENCE; Schema: public; Owner: behruz
--

ALTER TABLE public.django_admin_log ALTER COLUMN id ADD GENERATED BY DEFAULT AS IDENTITY (
    SEQUENCE NAME public.django_admin_log_id_seq
    START WITH 1
    INCREMENT BY 1
    NO MINVALUE
    NO MAXVALUE
    CACHE 1
);


--
-- Name: django_content_type; Type: TABLE; Schema: public; Owner: behruz
--

CREATE TABLE public.django_content_type (
    id integer NOT NULL,
    app_label character varying(100) NOT NULL,
    model character varying(100) NOT NULL
);


ALTER TABLE public.django_content_type OWNER TO behruz;

--
-- Name: django_content_type_id_seq; Type: SEQUENCE; Schema: public; Owner: behruz
--

ALTER TABLE public.django_content_type ALTER COLUMN id ADD GENERATED BY DEFAULT AS IDENTITY (
    SEQUENCE NAME public.django_content_type_id_seq
    START WITH 1
    INCREMENT BY 1
    NO MINVALUE
    NO MAXVALUE
    CACHE 1
);


--
-- Name: django_migrations; Type: TABLE; Schema: public; Owner: behruz
--

CREATE TABLE public.django_migrations (
    id bigint NOT NULL,
    app character varying(255) NOT NULL,
    name character varying(255) NOT NULL,
    applied timestamp with time zone NOT NULL
);


ALTER TABLE public.django_migrations OWNER TO behruz;

--
-- Name: django_migrations_id_seq; Type: SEQUENCE; Schema: public; Owner: behruz
--

ALTER TABLE public.django_migrations ALTER COLUMN id ADD GENERATED BY DEFAULT AS IDENTITY (
    SEQUENCE NAME public.django_migrations_id_seq
    START WITH 1
    INCREMENT BY 1
    NO MINVALUE
    NO MAXVALUE
    CACHE 1
);


--
-- Name: django_session; Type: TABLE; Schema: public; Owner: behruz
--

CREATE TABLE public.django_session (
    session_key character varying(40) NOT NULL,
    session_data text NOT NULL,
    expire_date timestamp with time zone NOT NULL
);


ALTER TABLE public.django_session OWNER TO behruz;

--
-- Name: orders_distributedproduct; Type: TABLE; Schema: public; Owner: behruz
--

CREATE TABLE public.orders_distributedproduct (
    id bigint NOT NULL,
    created_at timestamp with time zone NOT NULL,
    updated_at timestamp with time zone NOT NULL,
    date date NOT NULL,
    employee_name character varying(200) NOT NULL,
    quantity integer NOT NULL,
    product_id bigint NOT NULL,
    user_id bigint NOT NULL,
    CONSTRAINT orders_distributedproduct_quantity_check CHECK ((quantity >= 0))
);


ALTER TABLE public.orders_distributedproduct OWNER TO behruz;

--
-- Name: orders_distributedproduct_id_seq; Type: SEQUENCE; Schema: public; Owner: behruz
--

ALTER TABLE public.orders_distributedproduct ALTER COLUMN id ADD GENERATED BY DEFAULT AS IDENTITY (
    SEQUENCE NAME public.orders_distributedproduct_id_seq
    START WITH 1
    INCREMENT BY 1
    NO MINVALUE
    NO MAXVALUE
    CACHE 1
);


--
-- Name: orders_order; Type: TABLE; Schema: public; Owner: behruz
--

CREATE TABLE public.orders_order (
    id bigint NOT NULL,
    created_at timestamp with time zone NOT NULL,
    updated_at timestamp with time zone NOT NULL,
    total_price numeric(15,2) NOT NULL,
    paid_price numeric(15,2) NOT NULL,
    advance double precision NOT NULL,
    employee_name character varying(200) NOT NULL,
    user_id bigint NOT NULL,
    factory_id bigint,
    overdue_price numeric(15,2) NOT NULL,
    file character varying(100)
);


ALTER TABLE public.orders_order OWNER TO behruz;

--
-- Name: orders_order_id_seq; Type: SEQUENCE; Schema: public; Owner: behruz
--

ALTER TABLE public.orders_order ALTER COLUMN id ADD GENERATED BY DEFAULT AS IDENTITY (
    SEQUENCE NAME public.orders_order_id_seq
    START WITH 1
    INCREMENT BY 1
    NO MINVALUE
    NO MAXVALUE
    CACHE 1
);


--
-- Name: orders_orderitem; Type: TABLE; Schema: public; Owner: behruz
--

CREATE TABLE public.orders_orderitem (
    id bigint NOT NULL,
    created_at timestamp with time zone NOT NULL,
    updated_at timestamp with time zone NOT NULL,
    quantity integer NOT NULL,
    total_price numeric(15,2) NOT NULL,
    order_id bigint NOT NULL,
    product_id bigint NOT NULL,
    CONSTRAINT orders_orderitem_quantity_check CHECK ((quantity >= 0))
);


ALTER TABLE public.orders_orderitem OWNER TO behruz;

--
-- Name: orders_orderitem_id_seq; Type: SEQUENCE; Schema: public; Owner: behruz
--

ALTER TABLE public.orders_orderitem ALTER COLUMN id ADD GENERATED BY DEFAULT AS IDENTITY (
    SEQUENCE NAME public.orders_orderitem_id_seq
    START WITH 1
    INCREMENT BY 1
    NO MINVALUE
    NO MAXVALUE
    CACHE 1
);


--
-- Name: orders_payment; Type: TABLE; Schema: public; Owner: behruz
--

CREATE TABLE public.orders_payment (
    id bigint NOT NULL,
    created_at timestamp with time zone NOT NULL,
    updated_at timestamp with time zone NOT NULL,
    price numeric(15,2) NOT NULL,
    order_id bigint NOT NULL
);


ALTER TABLE public.orders_payment OWNER TO behruz;

--
-- Name: orders_payment_id_seq; Type: SEQUENCE; Schema: public; Owner: behruz
--

ALTER TABLE public.orders_payment ALTER COLUMN id ADD GENERATED BY DEFAULT AS IDENTITY (
    SEQUENCE NAME public.orders_payment_id_seq
    START WITH 1
    INCREMENT BY 1
    NO MINVALUE
    NO MAXVALUE
    CACHE 1
);


--
-- Name: orders_product; Type: TABLE; Schema: public; Owner: behruz
--

CREATE TABLE public.orders_product (
    id bigint NOT NULL,
    created_at timestamp with time zone NOT NULL,
    updated_at timestamp with time zone NOT NULL,
    name character varying(200) NOT NULL,
    price numeric(15,2) NOT NULL
);


ALTER TABLE public.orders_product OWNER TO behruz;

--
-- Name: orders_product_id_seq; Type: SEQUENCE; Schema: public; Owner: behruz
--

ALTER TABLE public.orders_product ALTER COLUMN id ADD GENERATED BY DEFAULT AS IDENTITY (
    SEQUENCE NAME public.orders_product_id_seq
    START WITH 1
    INCREMENT BY 1
    NO MINVALUE
    NO MAXVALUE
    CACHE 1
);


--
-- Name: shared_district; Type: TABLE; Schema: public; Owner: behruz
--

CREATE TABLE public.shared_district (
    id bigint NOT NULL,
    created_at timestamp with time zone NOT NULL,
    updated_at timestamp with time zone NOT NULL,
    name character varying(200) NOT NULL,
    user_id bigint
);


ALTER TABLE public.shared_district OWNER TO behruz;

--
-- Name: shared_district_id_seq; Type: SEQUENCE; Schema: public; Owner: behruz
--

ALTER TABLE public.shared_district ALTER COLUMN id ADD GENERATED BY DEFAULT AS IDENTITY (
    SEQUENCE NAME public.shared_district_id_seq
    START WITH 1
    INCREMENT BY 1
    NO MINVALUE
    NO MAXVALUE
    CACHE 1
);


--
-- Name: shared_doctor; Type: TABLE; Schema: public; Owner: behruz
--

CREATE TABLE public.shared_doctor (
    id bigint NOT NULL,
    created_at timestamp with time zone NOT NULL,
    updated_at timestamp with time zone NOT NULL,
    first_name character varying(200) NOT NULL,
    last_name character varying(200) NOT NULL,
    phone_number character varying(15) NOT NULL,
    work_place character varying(200) NOT NULL,
    sphere character varying(200) NOT NULL,
    description text NOT NULL,
    longitude double precision NOT NULL,
    latitude double precision NOT NULL,
    extra_location jsonb,
    district_id bigint NOT NULL,
    place_id bigint NOT NULL,
    user_id bigint NOT NULL
);


ALTER TABLE public.shared_doctor OWNER TO behruz;

--
-- Name: shared_doctor_id_seq; Type: SEQUENCE; Schema: public; Owner: behruz
--

ALTER TABLE public.shared_doctor ALTER COLUMN id ADD GENERATED BY DEFAULT AS IDENTITY (
    SEQUENCE NAME public.shared_doctor_id_seq
    START WITH 1
    INCREMENT BY 1
    NO MINVALUE
    NO MAXVALUE
    CACHE 1
);


--
-- Name: shared_factory; Type: TABLE; Schema: public; Owner: behruz
--

CREATE TABLE public.shared_factory (
    id bigint NOT NULL,
    created_at timestamp with time zone NOT NULL,
    updated_at timestamp with time zone NOT NULL,
    name character varying(200) NOT NULL
);


ALTER TABLE public.shared_factory OWNER TO behruz;

--
-- Name: shared_factory_id_seq; Type: SEQUENCE; Schema: public; Owner: behruz
--

ALTER TABLE public.shared_factory ALTER COLUMN id ADD GENERATED BY DEFAULT AS IDENTITY (
    SEQUENCE NAME public.shared_factory_id_seq
    START WITH 1
    INCREMENT BY 1
    NO MINVALUE
    NO MAXVALUE
    CACHE 1
);


--
-- Name: shared_location; Type: TABLE; Schema: public; Owner: behruz
--

CREATE TABLE public.shared_location (
    id bigint NOT NULL,
    created_at timestamp with time zone NOT NULL,
    updated_at timestamp with time zone NOT NULL,
    longitude double precision NOT NULL,
    latitude double precision NOT NULL,
    district_id bigint,
    doctor_id bigint,
    pharmacy_id bigint,
    place_id bigint,
    user_id bigint NOT NULL
);


ALTER TABLE public.shared_location OWNER TO behruz;

--
-- Name: shared_location_id_seq; Type: SEQUENCE; Schema: public; Owner: behruz
--

ALTER TABLE public.shared_location ALTER COLUMN id ADD GENERATED BY DEFAULT AS IDENTITY (
    SEQUENCE NAME public.shared_location_id_seq
    START WITH 1
    INCREMENT BY 1
    NO MINVALUE
    NO MAXVALUE
    CACHE 1
);


--
-- Name: shared_pharmacy; Type: TABLE; Schema: public; Owner: behruz
--

CREATE TABLE public.shared_pharmacy (
    id bigint NOT NULL,
    created_at timestamp with time zone NOT NULL,
    updated_at timestamp with time zone NOT NULL,
    name character varying(200) NOT NULL,
    inn character varying(200) NOT NULL,
    owner_phone character varying(15) NOT NULL,
    responsible_phone character varying(15) NOT NULL,
    longitude double precision NOT NULL,
    latitude double precision NOT NULL,
    extra_location jsonb NOT NULL,
    district_id bigint NOT NULL,
    place_id bigint NOT NULL,
    user_id bigint NOT NULL
);


ALTER TABLE public.shared_pharmacy OWNER TO behruz;

--
-- Name: shared_pharmacy_id_seq; Type: SEQUENCE; Schema: public; Owner: behruz
--

ALTER TABLE public.shared_pharmacy ALTER COLUMN id ADD GENERATED BY DEFAULT AS IDENTITY (
    SEQUENCE NAME public.shared_pharmacy_id_seq
    START WITH 1
    INCREMENT BY 1
    NO MINVALUE
    NO MAXVALUE
    CACHE 1
);


--
-- Name: shared_place; Type: TABLE; Schema: public; Owner: behruz
--

CREATE TABLE public.shared_place (
    id bigint NOT NULL,
    created_at timestamp with time zone NOT NULL,
    updated_at timestamp with time zone NOT NULL,
    name character varying(200) NOT NULL,
    longitude double precision NOT NULL,
    latitude double precision NOT NULL,
    extra_location jsonb NOT NULL,
    district_id bigint NOT NULL,
    user_id bigint NOT NULL
);


ALTER TABLE public.shared_place OWNER TO behruz;

--
-- Name: shared_place_id_seq; Type: SEQUENCE; Schema: public; Owner: behruz
--

ALTER TABLE public.shared_place ALTER COLUMN id ADD GENERATED BY DEFAULT AS IDENTITY (
    SEQUENCE NAME public.shared_place_id_seq
    START WITH 1
    INCREMENT BY 1
    NO MINVALUE
    NO MAXVALUE
    CACHE 1
);


--
-- Name: shared_plan; Type: TABLE; Schema: public; Owner: behruz
--

CREATE TABLE public.shared_plan (
    id bigint NOT NULL,
    created_at timestamp with time zone NOT NULL,
    updated_at timestamp with time zone NOT NULL,
    title character varying(200) NOT NULL,
    description text NOT NULL,
    date date NOT NULL,
    user_id bigint NOT NULL,
    is_done boolean NOT NULL,
    comment text,
    doctor_id bigint,
    extra_location jsonb,
    latitude double precision NOT NULL,
    longitude double precision NOT NULL,
    pharmacy_id bigint
);


ALTER TABLE public.shared_plan OWNER TO behruz;

--
-- Name: shared_plan_id_seq; Type: SEQUENCE; Schema: public; Owner: behruz
--

ALTER TABLE public.shared_plan ALTER COLUMN id ADD GENERATED BY DEFAULT AS IDENTITY (
    SEQUENCE NAME public.shared_plan_id_seq
    START WITH 1
    INCREMENT BY 1
    NO MINVALUE
    NO MAXVALUE
    CACHE 1
);


--
-- Name: shared_region; Type: TABLE; Schema: public; Owner: behruz
--

CREATE TABLE public.shared_region (
    id bigint NOT NULL,
    created_at timestamp with time zone NOT NULL,
    updated_at timestamp with time zone NOT NULL,
    name character varying(200) NOT NULL,
    users_count integer NOT NULL,
    CONSTRAINT shared_region_users_count_check CHECK ((users_count >= 0))
);


ALTER TABLE public.shared_region OWNER TO behruz;

--
-- Name: shared_region_id_seq; Type: SEQUENCE; Schema: public; Owner: behruz
--

ALTER TABLE public.shared_region ALTER COLUMN id ADD GENERATED BY DEFAULT AS IDENTITY (
    SEQUENCE NAME public.shared_region_id_seq
    START WITH 1
    INCREMENT BY 1
    NO MINVALUE
    NO MAXVALUE
    CACHE 1
);


--
-- Name: shared_support; Type: TABLE; Schema: public; Owner: behruz
--

CREATE TABLE public.shared_support (
    id bigint NOT NULL,
    created_at timestamp with time zone NOT NULL,
    updated_at timestamp with time zone NOT NULL,
    problem text NOT NULL,
    date date NOT NULL,
    district_id bigint,
    user_id bigint NOT NULL,
    type character varying(8) NOT NULL
);


ALTER TABLE public.shared_support OWNER TO behruz;

--
-- Name: shared_support_id_seq; Type: SEQUENCE; Schema: public; Owner: behruz
--

ALTER TABLE public.shared_support ALTER COLUMN id ADD GENERATED BY DEFAULT AS IDENTITY (
    SEQUENCE NAME public.shared_support_id_seq
    START WITH 1
    INCREMENT BY 1
    NO MINVALUE
    NO MAXVALUE
    CACHE 1
);


--
-- Name: shared_tourplan; Type: TABLE; Schema: public; Owner: behruz
--

CREATE TABLE public.shared_tourplan (
    id bigint NOT NULL,
    created_at timestamp with time zone NOT NULL,
    updated_at timestamp with time zone NOT NULL,
    latitude double precision,
    longitude double precision,
    user_id bigint NOT NULL,
    location_send boolean NOT NULL,
    place_name character varying(200),
    date date
);


ALTER TABLE public.shared_tourplan OWNER TO behruz;

--
-- Name: shared_tourplan_id_seq; Type: SEQUENCE; Schema: public; Owner: behruz
--

ALTER TABLE public.shared_tourplan ALTER COLUMN id ADD GENERATED BY DEFAULT AS IDENTITY (
    SEQUENCE NAME public.shared_tourplan_id_seq
    START WITH 1
    INCREMENT BY 1
    NO MINVALUE
    NO MAXVALUE
    CACHE 1
);


--
-- Name: shared_userlocation; Type: TABLE; Schema: public; Owner: behruz
--

CREATE TABLE public.shared_userlocation (
    id bigint NOT NULL,
    created_at timestamp with time zone NOT NULL,
    updated_at timestamp with time zone NOT NULL,
    latitude double precision NOT NULL,
    longitude double precision NOT NULL,
    user_id bigint NOT NULL
);


ALTER TABLE public.shared_userlocation OWNER TO behruz;

--
-- Name: shared_userlocation_id_seq; Type: SEQUENCE; Schema: public; Owner: behruz
--

ALTER TABLE public.shared_userlocation ALTER COLUMN id ADD GENERATED BY DEFAULT AS IDENTITY (
    SEQUENCE NAME public.shared_userlocation_id_seq
    START WITH 1
    INCREMENT BY 1
    NO MINVALUE
    NO MAXVALUE
    CACHE 1
);


--
-- Data for Name: accounts_user; Type: TABLE DATA; Schema: public; Owner: behruz
--

COPY public.accounts_user (id, password, last_login, is_superuser, username, first_name, last_name, email, is_staff, is_active, date_joined, created_at, updated_at, telegram_id, region_id) FROM stdin;
27	pbkdf2_sha256$1000000$TrARToEzZjoIxoGUTC07hA$cHfFLh+8RArOFPaLqa12KMVe+PwE8tT6HmEIMWn6FOs=	\N	f	samandar				t	t	2025-12-13 07:29:51+00	2025-12-13 07:29:52.138988+00	2025-12-13 07:32:06.338959+00	6487794662	18
29		\N	f	7175790005	Умид	Абдурахимов		f	f	2025-12-14 06:15:09.513858+00	2025-12-14 06:15:09.514507+00	2025-12-14 06:15:09.514514+00	7175790005	30
16		\N	f	8066245907	Muhriddin	Olimov		f	t	2025-12-11 11:56:11.958595+00	2025-12-11 11:56:11.95922+00	2025-12-11 19:31:50.655849+00	8066245907	17
18		\N	f	7567616558	Фархад	Джурабаев		f	t	2025-12-11 19:28:45.693325+00	2025-12-11 19:28:45.694213+00	2025-12-12 05:15:23.503415+00	7567616558	17
20		\N	f	7134786786	Vafobek	Ruzimaxmatov		f	t	2025-12-11 20:29:33.820859+00	2025-12-11 20:29:33.821502+00	2025-12-12 07:23:42.019837+00	7134786786	19
17		\N	f	1216114587	Nilufar	Sheraliyeva		f	t	2025-12-11 16:44:35.949772+00	2025-12-11 16:44:35.950654+00	2025-12-12 07:23:57.75738+00	1216114587	22
1	pbkdf2_sha256$1000000$aYA1upofRqNlcQysvvheVa$Wcz+rlT4IBqb+spJP4BHUrE0UkkDhU3brsanW1iSzTM=	2025-12-12 17:17:41.337828+00	t	admin				t	t	2025-12-10 11:13:01.484961+00	2025-12-10 11:13:01.817504+00	2025-12-10 11:13:50.807175+00	\N	\N
26		\N	f	767623126	Javlonbek	Nazarov		f	f	2025-12-13 03:59:00.50002+00	2025-12-13 03:59:00.500691+00	2025-12-13 03:59:00.500703+00	767623126	20
\.


--
-- Data for Name: accounts_user_groups; Type: TABLE DATA; Schema: public; Owner: behruz
--

COPY public.accounts_user_groups (id, user_id, group_id) FROM stdin;
\.


--
-- Data for Name: accounts_user_user_permissions; Type: TABLE DATA; Schema: public; Owner: behruz
--

COPY public.accounts_user_user_permissions (id, user_id, permission_id) FROM stdin;
1	27	1
2	27	2
3	27	3
4	27	4
5	27	5
6	27	6
7	27	7
8	27	8
9	27	9
10	27	10
11	27	11
12	27	12
13	27	13
14	27	14
15	27	15
16	27	16
17	27	17
18	27	18
19	27	19
20	27	20
21	27	21
22	27	22
23	27	23
24	27	24
25	27	25
26	27	26
27	27	27
28	27	28
29	27	29
30	27	30
31	27	31
32	27	32
33	27	33
34	27	34
35	27	35
36	27	36
37	27	37
38	27	38
39	27	39
40	27	40
41	27	41
42	27	42
43	27	43
44	27	44
45	27	45
46	27	46
47	27	47
48	27	48
49	27	49
50	27	50
51	27	51
52	27	52
53	27	53
54	27	54
55	27	55
56	27	56
57	27	57
58	27	58
59	27	59
60	27	60
61	27	61
62	27	62
63	27	63
64	27	64
65	27	65
66	27	66
67	27	67
68	27	68
69	27	69
70	27	70
71	27	71
72	27	72
73	27	73
74	27	74
75	27	75
76	27	76
77	27	77
78	27	78
79	27	79
80	27	80
81	27	81
82	27	82
83	27	83
84	27	84
85	27	85
86	27	86
87	27	87
88	27	88
\.


--
-- Data for Name: auth_group; Type: TABLE DATA; Schema: public; Owner: behruz
--

COPY public.auth_group (id, name) FROM stdin;
\.


--
-- Data for Name: auth_group_permissions; Type: TABLE DATA; Schema: public; Owner: behruz
--

COPY public.auth_group_permissions (id, group_id, permission_id) FROM stdin;
\.


--
-- Data for Name: auth_permission; Type: TABLE DATA; Schema: public; Owner: behruz
--

COPY public.auth_permission (id, name, content_type_id, codename) FROM stdin;
1	Can add log entry	1	add_logentry
2	Can change log entry	1	change_logentry
3	Can delete log entry	1	delete_logentry
4	Can view log entry	1	view_logentry
5	Can add permission	2	add_permission
6	Can change permission	2	change_permission
7	Can delete permission	2	delete_permission
8	Can view permission	2	view_permission
9	Can add group	3	add_group
10	Can change group	3	change_group
11	Can delete group	3	delete_group
12	Can view group	3	view_group
13	Can add content type	4	add_contenttype
14	Can change content type	4	change_contenttype
15	Can delete content type	4	delete_contenttype
16	Can view content type	4	view_contenttype
17	Can add session	5	add_session
18	Can change session	5	change_session
19	Can delete session	5	delete_session
20	Can view session	5	view_session
21	Can add region	6	add_region
22	Can change region	6	change_region
23	Can delete region	6	delete_region
24	Can view region	6	view_region
25	Can add district	7	add_district
26	Can change district	7	change_district
27	Can delete district	7	delete_district
28	Can view district	7	view_district
29	Can add place	8	add_place
30	Can change place	8	change_place
31	Can delete place	8	delete_place
32	Can view place	8	view_place
33	Can add doctor	9	add_doctor
34	Can change doctor	9	change_doctor
35	Can delete doctor	9	delete_doctor
36	Can view doctor	9	view_doctor
37	Can add pharmacy	10	add_pharmacy
38	Can change pharmacy	10	change_pharmacy
39	Can delete pharmacy	10	delete_pharmacy
40	Can view pharmacy	10	view_pharmacy
41	Can add plan	11	add_plan
42	Can change plan	11	change_plan
43	Can delete plan	11	delete_plan
44	Can view plan	11	view_plan
45	Can add location	12	add_location
46	Can change location	12	change_location
47	Can delete location	12	delete_location
48	Can view location	12	view_location
49	Can add tour plan	13	add_tourplan
50	Can change tour plan	13	change_tourplan
51	Can delete tour plan	13	delete_tourplan
52	Can view tour plan	13	view_tourplan
53	Can add user location	14	add_userlocation
54	Can change user location	14	change_userlocation
55	Can delete user location	14	delete_userlocation
56	Can view user location	14	view_userlocation
57	Can add factory	15	add_factory
58	Can change factory	15	change_factory
59	Can delete factory	15	delete_factory
60	Can view factory	15	view_factory
61	Can add support	16	add_support
62	Can change support	16	change_support
63	Can delete support	16	delete_support
64	Can view support	16	view_support
65	Can add user	17	add_user
66	Can change user	17	change_user
67	Can delete user	17	delete_user
68	Can view user	17	view_user
69	Can add product	18	add_product
70	Can change product	18	change_product
71	Can delete product	18	delete_product
72	Can view product	18	view_product
73	Can add order	19	add_order
74	Can change order	19	change_order
75	Can delete order	19	delete_order
76	Can view order	19	view_order
77	Can add order item	20	add_orderitem
78	Can change order item	20	change_orderitem
79	Can delete order item	20	delete_orderitem
80	Can view order item	20	view_orderitem
81	Can add payment	21	add_payment
82	Can change payment	21	change_payment
83	Can delete payment	21	delete_payment
84	Can view payment	21	view_payment
85	Can add distributed product	22	add_distributedproduct
86	Can change distributed product	22	change_distributedproduct
87	Can delete distributed product	22	delete_distributedproduct
88	Can view distributed product	22	view_distributedproduct
\.


--
-- Data for Name: django_admin_log; Type: TABLE DATA; Schema: public; Owner: behruz
--

COPY public.django_admin_log (id, action_time, object_id, object_repr, action_flag, change_message, content_type_id, user_id) FROM stdin;
1	2025-12-12 11:17:52.251717+00	22	Samandar Turgunboyev - 6487794662	1	[{"added": {}}]	17	1
2	2025-12-12 11:20:21.262944+00	22	Samandar Turgunboyev - 6487794662	3		17	1
3	2025-12-12 11:20:45.956002+00	23	  - 6487794662	1	[{"added": {}}]	17	1
4	2025-12-12 12:37:19.014627+00	24	  - 6487794662	1	[{"added": {}}]	17	1
5	2025-12-12 12:43:24.871078+00	24	  - 6487794662	3		17	1
6	2025-12-12 12:43:48.191528+00	25	  - 6487794662	1	[{"added": {}}]	17	1
7	2025-12-13 07:24:11.541351+00	25	  - 6487794662	3		17	1
8	2025-12-13 07:29:52.141536+00	27	  - 6487794662	1	[{"added": {}}]	17	1
9	2025-12-13 07:30:26.316418+00	27	  - 6487794662	2	[{"changed": {"fields": ["Is active"]}}]	17	1
10	2025-12-13 07:31:26.888192+00	27	  - 6487794662	2	[{"changed": {"fields": ["User permissions"]}}]	17	1
11	2025-12-13 07:32:06.344087+00	27	  - 6487794662	2	[{"changed": {"fields": ["Staff status"]}}]	17	1
12	2025-12-13 07:36:12.499056+00	28	qwe qwe - 7674400594	3		17	1
\.


--
-- Data for Name: django_content_type; Type: TABLE DATA; Schema: public; Owner: behruz
--

COPY public.django_content_type (id, app_label, model) FROM stdin;
1	admin	logentry
2	auth	permission
3	auth	group
4	contenttypes	contenttype
5	sessions	session
6	shared	region
7	shared	district
8	shared	place
9	shared	doctor
10	shared	pharmacy
11	shared	plan
12	shared	location
13	shared	tourplan
14	shared	userlocation
15	shared	factory
16	shared	support
17	accounts	user
18	orders	product
19	orders	order
20	orders	orderitem
21	orders	payment
22	orders	distributedproduct
\.


--
-- Data for Name: django_migrations; Type: TABLE DATA; Schema: public; Owner: behruz
--

COPY public.django_migrations (id, app, name, applied) FROM stdin;
1	shared	0001_initial	2025-12-10 09:20:30.024886+00
2	contenttypes	0001_initial	2025-12-10 09:20:30.031693+00
3	contenttypes	0002_remove_content_type_name	2025-12-10 09:20:30.05984+00
4	auth	0001_initial	2025-12-10 09:20:30.107825+00
5	auth	0002_alter_permission_name_max_length	2025-12-10 09:20:30.113214+00
6	auth	0003_alter_user_email_max_length	2025-12-10 09:20:30.119899+00
7	auth	0004_alter_user_username_opts	2025-12-10 09:20:30.145564+00
8	auth	0005_alter_user_last_login_null	2025-12-10 09:20:30.154896+00
9	auth	0006_require_contenttypes_0002	2025-12-10 09:20:30.157803+00
10	auth	0007_alter_validators_add_error_messages	2025-12-10 09:20:30.170127+00
11	auth	0008_alter_user_username_max_length	2025-12-10 09:20:30.180467+00
12	auth	0009_alter_user_last_name_max_length	2025-12-10 09:20:30.189981+00
13	auth	0010_alter_group_name_max_length	2025-12-10 09:20:30.196811+00
14	auth	0011_update_proxy_permissions	2025-12-10 09:20:30.202844+00
15	auth	0012_alter_user_first_name_max_length	2025-12-10 09:20:30.21077+00
16	accounts	0001_initial	2025-12-10 09:20:30.239432+00
17	accounts	0002_user_region_alter_user_is_active	2025-12-10 09:20:30.261416+00
18	admin	0001_initial	2025-12-10 09:20:30.279158+00
19	admin	0002_logentry_remove_auto_add	2025-12-10 09:20:30.304483+00
20	admin	0003_logentry_add_action_flag_choices	2025-12-10 09:20:30.320139+00
21	shared	0002_district	2025-12-10 09:20:30.327858+00
22	shared	0003_district_user	2025-12-10 09:20:30.339535+00
23	shared	0004_place	2025-12-10 09:20:30.364616+00
24	shared	0005_doctor_pharmacy_plan	2025-12-10 09:20:30.426929+00
25	shared	0006_plan_is_done	2025-12-10 09:20:30.447238+00
26	shared	0007_location_tourplan_userlocation	2025-12-10 09:20:30.529837+00
27	shared	0008_rename_langitude_location_latitude_and_more	2025-12-10 09:20:30.6524+00
28	shared	0009_remove_tourplan_district_tourplan_location_send_and_more	2025-12-10 09:20:30.783711+00
29	shared	0010_factory	2025-12-10 09:20:30.797532+00
30	orders	0001_initial	2025-12-10 09:20:30.852721+00
31	orders	0002_remove_order_pharmacy_order_factory	2025-12-10 09:20:30.91322+00
32	orders	0003_order_overdue_price	2025-12-10 09:20:30.933649+00
33	orders	0004_order_file	2025-12-10 09:20:30.976445+00
34	orders	0005_payment	2025-12-10 09:20:31.001116+00
35	orders	0006_distributedproduct	2025-12-10 09:20:31.027996+00
36	sessions	0001_initial	2025-12-10 09:20:31.034453+00
37	shared	0011_tourplan_date	2025-12-10 09:20:31.059254+00
38	shared	0012_alter_doctor_extra_location	2025-12-10 09:20:31.080285+00
39	shared	0013_alter_district_name_alter_place_name	2025-12-10 09:20:31.127241+00
40	shared	0014_support	2025-12-10 09:20:31.160743+00
41	shared	0015_support_type	2025-12-10 09:20:31.180185+00
42	shared	0016_plan_comment_plan_doctor_plan_extra_location_and_more	2025-12-10 09:20:31.311746+00
43	shared	0017_alter_support_district	2025-12-10 09:20:31.343614+00
44	shared	0018_alter_district_unique_together	2025-12-11 13:20:42.682626+00
\.


--
-- Data for Name: django_session; Type: TABLE DATA; Schema: public; Owner: behruz
--

COPY public.django_session (session_key, session_data, expire_date) FROM stdin;
mtxvfhyy8gudep1b7l2sdeysfcj5rlco	.eJxVjDsOwjAQBe_iGlmx_AuU9JzB2vXu4gBypDipIu4OllJA-2bm7SrBtpa0NV7SROqijDr9bgj5ybUDekC9zzrPdV0m1F3RB236NhO_rof7d1CglW_tQEyOnsCIBxEJQ_YWhbxgjjFENMQevTP2TAPz2CV0ow3GOgzs1PsDGuM49Q:1vTI8t:w_L4p2rMmgHbJeYJiK3zSpceJMov353JO3niDiuaJBo	2025-12-24 11:13:59.088027+00
7nd8u9ms0irw4ags87zde0gs7ykxi845	.eJxVjDsOwjAQBe_iGlmx_AuU9JzB2vXu4gBypDipIu4OllJA-2bm7SrBtpa0NV7SROqijDr9bgj5ybUDekC9zzrPdV0m1F3RB236NhO_rof7d1CglW_tQEyOnsCIBxEJQ_YWhbxgjjFENMQevTP2TAPz2CV0ow3GOgzs1PsDGuM49Q:1vTxHb:Yj_-oGe3g5yyqCZl_UMB1f8Vqt7soHU_0PNHkr404Is	2025-12-26 07:09:43.42786+00
73n7b2qm38kyq227rovcy9ayg5uipck5	.eJxVjDsOwjAQBe_iGlmx_AuU9JzB2vXu4gBypDipIu4OllJA-2bm7SrBtpa0NV7SROqijDr9bgj5ybUDekC9zzrPdV0m1F3RB236NhO_rof7d1CglW_tQEyOnsCIBxEJQ_YWhbxgjjFENMQevTP2TAPz2CV0ow3GOgzs1PsDGuM49Q:1vU6lx:TgJOU4DXjnEttfnVG-4MMm_yh3_F9bND9ZPgTMRMDKs	2025-12-26 17:17:41.342479+00
\.


--
-- Data for Name: orders_distributedproduct; Type: TABLE DATA; Schema: public; Owner: behruz
--

COPY public.orders_distributedproduct (id, created_at, updated_at, date, employee_name, quantity, product_id, user_id) FROM stdin;
\.


--
-- Data for Name: orders_order; Type: TABLE DATA; Schema: public; Owner: behruz
--

COPY public.orders_order (id, created_at, updated_at, total_price, paid_price, advance, employee_name, user_id, factory_id, overdue_price, file) FROM stdin;
2	2025-12-12 12:01:43.215726+00	2025-12-12 12:01:43.215783+00	1800000.00	1800000.00	100	Автор	16	2	0.00	orders/files/order_2_9pTEMef.pdf
\.


--
-- Data for Name: orders_orderitem; Type: TABLE DATA; Schema: public; Owner: behruz
--

COPY public.orders_orderitem (id, created_at, updated_at, quantity, total_price, order_id, product_id) FROM stdin;
2	2025-12-12 12:01:43.219474+00	2025-12-12 12:01:43.219488+00	10	850000.00	2	2
3	2025-12-12 12:01:43.219533+00	2025-12-12 12:01:43.219575+00	50	950000.00	2	3
\.


--
-- Data for Name: orders_payment; Type: TABLE DATA; Schema: public; Owner: behruz
--

COPY public.orders_payment (id, created_at, updated_at, price, order_id) FROM stdin;
\.


--
-- Data for Name: orders_product; Type: TABLE DATA; Schema: public; Owner: behruz
--

COPY public.orders_product (id, created_at, updated_at, name, price) FROM stdin;
2	2025-12-12 07:26:45.586816+00	2025-12-12 07:26:45.586858+00	Траванол С №200	85000.00
3	2025-12-12 07:27:30.016033+00	2025-12-12 07:27:30.016059+00	Траванол Т №16	19000.00
4	2025-12-12 07:27:55.713453+00	2025-12-12 07:27:55.713475+00	Траванол сироп 100мл	22600.00
5	2025-12-12 07:28:24.698755+00	2025-12-12 07:28:24.698786+00	Шовел кап №30	110000.00
6	2025-12-12 07:28:44.766882+00	2025-12-12 07:28:44.766905+00	Урисом таб №30	85000.00
7	2025-12-12 07:29:27.745696+00	2025-12-12 07:29:27.745722+00	Лавендер  капсул №30	85000.00
8	2025-12-12 07:29:53.670187+00	2025-12-12 07:29:53.670204+00	Валимер  капли 30мл	60000.00
9	2025-12-12 07:30:15.625928+00	2025-12-12 07:30:15.625945+00	Валимер  таб. №20	55000.00
10	2025-12-12 07:30:36.665425+00	2025-12-12 07:30:36.665481+00	Мерикид капли 15мл	45000.00
11	2025-12-12 07:30:56.980211+00	2025-12-12 07:30:56.980232+00	Ситамакс сироп 150 мл	48500.00
12	2025-12-12 07:31:18.641461+00	2025-12-12 07:31:18.641496+00	Ситамакс таб. № 100	75000.00
13	2025-12-12 07:31:51.191127+00	2025-12-12 07:31:51.191219+00	Лактовит №10	54000.00
14	2025-12-12 07:33:00.381914+00	2025-12-12 07:33:00.381939+00	Блурон 5 амп,№5	135000.00
15	2025-12-12 07:33:32.62853+00	2025-12-12 07:33:32.628568+00	Rhydzit 500 Таб №3	28500.00
16	2025-12-12 07:33:57.182413+00	2025-12-12 07:33:57.182432+00	Rhydzit 250  Таб №6	27000.00
17	2025-12-12 07:36:11.59346+00	2025-12-12 07:36:11.593508+00	Презервативы "SPICE LOVE"	5000.00
\.


--
-- Data for Name: shared_district; Type: TABLE DATA; Schema: public; Owner: behruz
--

COPY public.shared_district (id, created_at, updated_at, name, user_id) FROM stdin;
16	2025-12-12 11:27:23.791318+00	2025-12-12 11:27:23.791336+00	asdasd	16
17	2025-12-15 04:48:23.880185+00	2025-12-15 04:48:23.880223+00	Termiz shaxar	20
18	2025-12-15 04:48:57.894511+00	2025-12-15 04:48:57.894555+00	Angor tuman	20
19	2025-12-15 04:49:07.156443+00	2025-12-15 04:49:07.156458+00	Jarkurgan	20
20	2025-12-15 04:49:20.810138+00	2025-12-15 04:49:20.810161+00	Sherobod	20
21	2025-12-15 04:49:33.289915+00	2025-12-15 04:49:33.289931+00	Qiziriq tumani	20
\.


--
-- Data for Name: shared_doctor; Type: TABLE DATA; Schema: public; Owner: behruz
--

COPY public.shared_doctor (id, created_at, updated_at, first_name, last_name, phone_number, work_place, sphere, description, longitude, latitude, extra_location, district_id, place_id, user_id) FROM stdin;
5	2025-12-12 11:28:47.256293+00	2025-12-12 11:28:47.256309+00	sadf	asdf	998901112233	asdf	adsf	asdfsadf	69.25257829638672	41.31328129668056	{"latitude": 41.31328129668056, "longitude": 69.25257829638672}	16	7	16
6	2025-12-15 07:52:54.771832+00	2025-12-15 07:52:54.771878+00	Karomat	Saidaliyev	998936336564	Oblastnoy bolnitsa 1 etaj	Urolog	Shovel 1 berdim \nUrisom berdim	67.2637451	37.2131274	{"latitude": 37.2131274, "longitude": 67.2637451}	17	8	20
7	2025-12-15 07:54:24.947311+00	2025-12-15 07:54:24.947365+00	Luxmon	Ibragimov	998919701117	Xususiy klinika surxon shifo	Uzi	Laktovit lavender urisom shovel	67.2637451	37.2131274	{"latitude": 37.2131274, "longitude": 67.2637451}	17	8	20
8	2025-12-15 07:55:47.092147+00	2025-12-15 07:55:47.092185+00	Dilafruz	Majidova	998900542105	4 oilaviy poliklinika	Ginekolog	Urisom, lavender, bluron	67.150739	37.4615997	{"latitude": 37.4615997, "longitude": 67.150739}	17	10	20
9	2025-12-15 07:56:45.628646+00	2025-12-15 07:56:45.62869+00	Bobur	Bobur aka	998931129022	Shaxar raddom	Ginekolog	Lavender	67.2871856	37.2369677	{"latitude": 37.2369677, "longitude": 67.2871856}	17	9	20
\.


--
-- Data for Name: shared_factory; Type: TABLE DATA; Schema: public; Owner: behruz
--

COPY public.shared_factory (id, created_at, updated_at, name) FROM stdin;
2	2025-12-12 11:34:31.762816+00	2025-12-13 06:29:07.817304+00	Meridyn Pharma
\.


--
-- Data for Name: shared_location; Type: TABLE DATA; Schema: public; Owner: behruz
--

COPY public.shared_location (id, created_at, updated_at, longitude, latitude, district_id, doctor_id, pharmacy_id, place_id, user_id) FROM stdin;
\.


--
-- Data for Name: shared_pharmacy; Type: TABLE DATA; Schema: public; Owner: behruz
--

COPY public.shared_pharmacy (id, created_at, updated_at, name, inn, owner_phone, responsible_phone, longitude, latitude, extra_location, district_id, place_id, user_id) FROM stdin;
4	2025-12-12 12:43:45.813937+00	2025-12-12 12:43:45.813954+00	Билол люкс мед	543321234	998976543221	998987654321	69.25257829638672	41.31328129668056	{"latitude": 41.31328129668056, "longitude": 69.25257829638672}	16	7	16
5	2025-12-15 07:50:39.843169+00	2025-12-15 07:50:39.843216+00	Nasimiy	234567890	998919695151	998953740001	67.2871856	37.2369677	{"latitude": 37.2369677, "longitude": 67.2871856}	17	9	20
6	2025-12-15 07:57:51.584336+00	2025-12-15 07:57:51.584404+00	Boysun madad farm	307019095	998976910103	998976910103	67.2637451	37.2131274	{"latitude": 37.2131274, "longitude": 67.2637451}	17	8	20
7	2025-12-15 07:58:44.934863+00	2025-12-15 07:58:44.934891+00	Safina farm 4444	987654321	998907483838	998900730808	67.2637451	37.2131274	{"latitude": 37.2131274, "longitude": 67.2637451}	17	8	20
\.


--
-- Data for Name: shared_place; Type: TABLE DATA; Schema: public; Owner: behruz
--

COPY public.shared_place (id, created_at, updated_at, name, longitude, latitude, extra_location, district_id, user_id) FROM stdin;
7	2025-12-12 11:27:53.278088+00	2025-12-12 11:27:53.278117+00	asdf	69.25257829638672	41.31328129668056	{"latitude": 41.31328129668056, "longitude": 69.25257829638672}	16	16
8	2025-12-15 04:50:37.230519+00	2025-12-15 04:50:37.230535+00	Viloyat kop tarmoqli bolnitsiya	67.2637451	37.2131274	{"latitude": 37.2131274, "longitude": 67.2637451}	17	20
9	2025-12-15 07:47:30.175305+00	2025-12-15 07:47:30.175337+00	Shaxar tuĝruq markazi	67.2871856	37.2369677	{"latitude": 37.2369677, "longitude": 67.2871856}	17	20
10	2025-12-15 07:48:40.38905+00	2025-12-15 07:48:40.389097+00	4 oilaviy poliklinika	67.150739	37.4615997	{"latitude": 37.4615997, "longitude": 67.150739}	17	20
\.


--
-- Data for Name: shared_plan; Type: TABLE DATA; Schema: public; Owner: behruz
--

COPY public.shared_plan (id, created_at, updated_at, title, description, date, user_id, is_done, comment, doctor_id, extra_location, latitude, longitude, pharmacy_id) FROM stdin;
1	2025-12-12 11:26:32.668786+00	2025-12-12 11:26:32.668811+00	asdf	asdf	2025-12-23	17	f	\N	\N	{"latitude": 63.233, "longitude": 41.233}	63.233	41.233	\N
\.


--
-- Data for Name: shared_region; Type: TABLE DATA; Schema: public; Owner: behruz
--

COPY public.shared_region (id, created_at, updated_at, name, users_count) FROM stdin;
18	2025-12-12 07:09:34.371372+00	2025-12-12 07:09:34.371388+00	Toshkent viloyati	0
21	2025-12-12 07:09:54.074738+00	2025-12-12 07:09:54.074755+00	Samarqand viloyati	0
22	2025-12-12 07:09:58.743263+00	2025-12-12 07:09:58.743289+00	Andijon viloyati	0
23	2025-12-12 07:10:03.365152+00	2025-12-12 07:10:03.365173+00	Namangan viloyati	0
24	2025-12-12 07:10:09.007887+00	2025-12-12 07:10:09.007912+00	Farg'ona viloyati	0
25	2025-12-12 07:10:19.283522+00	2025-12-12 07:10:19.283565+00	Navoiy viloyati	0
26	2025-12-12 07:10:24.788562+00	2025-12-12 07:10:24.788581+00	Buxoro viloyati	0
27	2025-12-12 07:10:36.675326+00	2025-12-12 07:10:36.675349+00	Qoraqalpog'iston Respublikasi	0
28	2025-12-12 07:10:49.620921+00	2025-12-12 07:10:49.620967+00	Sirdaryo viloyati	0
29	2025-12-12 07:10:53.594195+00	2025-12-12 07:10:53.594217+00	Jizzax viloyati	0
17	2025-12-11 11:49:31.778361+00	2025-12-12 07:13:21.115164+00	Toshkent shahar	7
20	2025-12-12 07:09:45.790294+00	2025-12-13 03:59:00.503026+00	Qashqadaryo viloyati	1
19	2025-12-12 07:09:40.49849+00	2025-12-13 07:35:50.709283+00	Surxondaryo viloyati	1
30	2025-12-12 07:40:04.669659+00	2025-12-14 06:15:09.516514+00	Xorazm viloyati	1
\.


--
-- Data for Name: shared_support; Type: TABLE DATA; Schema: public; Owner: behruz
--

COPY public.shared_support (id, created_at, updated_at, problem, date, district_id, user_id, type) FROM stdin;
1	2025-12-12 04:49:52.830195+00	2025-12-12 04:49:52.830219+00	Йордан керак	2025-12-12	\N	16	HELP
2	2025-12-12 04:50:25.492323+00	2025-12-12 04:50:25.492342+00	Карздорлик йопмаяпти картотека куйиш керак	2025-12-12	\N	16	PROBLEM
\.


--
-- Data for Name: shared_tourplan; Type: TABLE DATA; Schema: public; Owner: behruz
--

COPY public.shared_tourplan (id, created_at, updated_at, latitude, longitude, user_id, location_send, place_name, date) FROM stdin;
\.


--
-- Data for Name: shared_userlocation; Type: TABLE DATA; Schema: public; Owner: behruz
--

COPY public.shared_userlocation (id, created_at, updated_at, latitude, longitude, user_id) FROM stdin;
7	2025-12-12 04:51:17.254817+00	2025-12-12 04:51:17.254866+00	41.2702633	69.2782731	16
8	2025-12-13 07:49:19.676728+00	2025-12-13 07:49:19.676761+00	41.370502	69.209587	27
\.


--
-- Name: accounts_user_groups_id_seq; Type: SEQUENCE SET; Schema: public; Owner: behruz
--

SELECT pg_catalog.setval('public.accounts_user_groups_id_seq', 1, false);


--
-- Name: accounts_user_id_seq; Type: SEQUENCE SET; Schema: public; Owner: behruz
--

SELECT pg_catalog.setval('public.accounts_user_id_seq', 29, true);


--
-- Name: accounts_user_user_permissions_id_seq; Type: SEQUENCE SET; Schema: public; Owner: behruz
--

SELECT pg_catalog.setval('public.accounts_user_user_permissions_id_seq', 88, true);


--
-- Name: auth_group_id_seq; Type: SEQUENCE SET; Schema: public; Owner: behruz
--

SELECT pg_catalog.setval('public.auth_group_id_seq', 1, false);


--
-- Name: auth_group_permissions_id_seq; Type: SEQUENCE SET; Schema: public; Owner: behruz
--

SELECT pg_catalog.setval('public.auth_group_permissions_id_seq', 1, false);


--
-- Name: auth_permission_id_seq; Type: SEQUENCE SET; Schema: public; Owner: behruz
--

SELECT pg_catalog.setval('public.auth_permission_id_seq', 88, true);


--
-- Name: django_admin_log_id_seq; Type: SEQUENCE SET; Schema: public; Owner: behruz
--

SELECT pg_catalog.setval('public.django_admin_log_id_seq', 12, true);


--
-- Name: django_content_type_id_seq; Type: SEQUENCE SET; Schema: public; Owner: behruz
--

SELECT pg_catalog.setval('public.django_content_type_id_seq', 22, true);


--
-- Name: django_migrations_id_seq; Type: SEQUENCE SET; Schema: public; Owner: behruz
--

SELECT pg_catalog.setval('public.django_migrations_id_seq', 44, true);


--
-- Name: orders_distributedproduct_id_seq; Type: SEQUENCE SET; Schema: public; Owner: behruz
--

SELECT pg_catalog.setval('public.orders_distributedproduct_id_seq', 1, false);


--
-- Name: orders_order_id_seq; Type: SEQUENCE SET; Schema: public; Owner: behruz
--

SELECT pg_catalog.setval('public.orders_order_id_seq', 2, true);


--
-- Name: orders_orderitem_id_seq; Type: SEQUENCE SET; Schema: public; Owner: behruz
--

SELECT pg_catalog.setval('public.orders_orderitem_id_seq', 3, true);


--
-- Name: orders_payment_id_seq; Type: SEQUENCE SET; Schema: public; Owner: behruz
--

SELECT pg_catalog.setval('public.orders_payment_id_seq', 1, false);


--
-- Name: orders_product_id_seq; Type: SEQUENCE SET; Schema: public; Owner: behruz
--

SELECT pg_catalog.setval('public.orders_product_id_seq', 17, true);


--
-- Name: shared_district_id_seq; Type: SEQUENCE SET; Schema: public; Owner: behruz
--

SELECT pg_catalog.setval('public.shared_district_id_seq', 21, true);


--
-- Name: shared_doctor_id_seq; Type: SEQUENCE SET; Schema: public; Owner: behruz
--

SELECT pg_catalog.setval('public.shared_doctor_id_seq', 9, true);


--
-- Name: shared_factory_id_seq; Type: SEQUENCE SET; Schema: public; Owner: behruz
--

SELECT pg_catalog.setval('public.shared_factory_id_seq', 2, true);


--
-- Name: shared_location_id_seq; Type: SEQUENCE SET; Schema: public; Owner: behruz
--

SELECT pg_catalog.setval('public.shared_location_id_seq', 1, false);


--
-- Name: shared_pharmacy_id_seq; Type: SEQUENCE SET; Schema: public; Owner: behruz
--

SELECT pg_catalog.setval('public.shared_pharmacy_id_seq', 7, true);


--
-- Name: shared_place_id_seq; Type: SEQUENCE SET; Schema: public; Owner: behruz
--

SELECT pg_catalog.setval('public.shared_place_id_seq', 10, true);


--
-- Name: shared_plan_id_seq; Type: SEQUENCE SET; Schema: public; Owner: behruz
--

SELECT pg_catalog.setval('public.shared_plan_id_seq', 1, true);


--
-- Name: shared_region_id_seq; Type: SEQUENCE SET; Schema: public; Owner: behruz
--

SELECT pg_catalog.setval('public.shared_region_id_seq', 30, true);


--
-- Name: shared_support_id_seq; Type: SEQUENCE SET; Schema: public; Owner: behruz
--

SELECT pg_catalog.setval('public.shared_support_id_seq', 2, true);


--
-- Name: shared_tourplan_id_seq; Type: SEQUENCE SET; Schema: public; Owner: behruz
--

SELECT pg_catalog.setval('public.shared_tourplan_id_seq', 9, true);


--
-- Name: shared_userlocation_id_seq; Type: SEQUENCE SET; Schema: public; Owner: behruz
--

SELECT pg_catalog.setval('public.shared_userlocation_id_seq', 8, true);


--
-- Name: accounts_user_groups accounts_user_groups_pkey; Type: CONSTRAINT; Schema: public; Owner: behruz
--

ALTER TABLE ONLY public.accounts_user_groups
    ADD CONSTRAINT accounts_user_groups_pkey PRIMARY KEY (id);


--
-- Name: accounts_user_groups accounts_user_groups_user_id_group_id_59c0b32f_uniq; Type: CONSTRAINT; Schema: public; Owner: behruz
--

ALTER TABLE ONLY public.accounts_user_groups
    ADD CONSTRAINT accounts_user_groups_user_id_group_id_59c0b32f_uniq UNIQUE (user_id, group_id);


--
-- Name: accounts_user accounts_user_pkey; Type: CONSTRAINT; Schema: public; Owner: behruz
--

ALTER TABLE ONLY public.accounts_user
    ADD CONSTRAINT accounts_user_pkey PRIMARY KEY (id);


--
-- Name: accounts_user_user_permissions accounts_user_user_permi_user_id_permission_id_2ab516c2_uniq; Type: CONSTRAINT; Schema: public; Owner: behruz
--

ALTER TABLE ONLY public.accounts_user_user_permissions
    ADD CONSTRAINT accounts_user_user_permi_user_id_permission_id_2ab516c2_uniq UNIQUE (user_id, permission_id);


--
-- Name: accounts_user_user_permissions accounts_user_user_permissions_pkey; Type: CONSTRAINT; Schema: public; Owner: behruz
--

ALTER TABLE ONLY public.accounts_user_user_permissions
    ADD CONSTRAINT accounts_user_user_permissions_pkey PRIMARY KEY (id);


--
-- Name: accounts_user accounts_user_username_key; Type: CONSTRAINT; Schema: public; Owner: behruz
--

ALTER TABLE ONLY public.accounts_user
    ADD CONSTRAINT accounts_user_username_key UNIQUE (username);


--
-- Name: auth_group auth_group_name_key; Type: CONSTRAINT; Schema: public; Owner: behruz
--

ALTER TABLE ONLY public.auth_group
    ADD CONSTRAINT auth_group_name_key UNIQUE (name);


--
-- Name: auth_group_permissions auth_group_permissions_group_id_permission_id_0cd325b0_uniq; Type: CONSTRAINT; Schema: public; Owner: behruz
--

ALTER TABLE ONLY public.auth_group_permissions
    ADD CONSTRAINT auth_group_permissions_group_id_permission_id_0cd325b0_uniq UNIQUE (group_id, permission_id);


--
-- Name: auth_group_permissions auth_group_permissions_pkey; Type: CONSTRAINT; Schema: public; Owner: behruz
--

ALTER TABLE ONLY public.auth_group_permissions
    ADD CONSTRAINT auth_group_permissions_pkey PRIMARY KEY (id);


--
-- Name: auth_group auth_group_pkey; Type: CONSTRAINT; Schema: public; Owner: behruz
--

ALTER TABLE ONLY public.auth_group
    ADD CONSTRAINT auth_group_pkey PRIMARY KEY (id);


--
-- Name: auth_permission auth_permission_content_type_id_codename_01ab375a_uniq; Type: CONSTRAINT; Schema: public; Owner: behruz
--

ALTER TABLE ONLY public.auth_permission
    ADD CONSTRAINT auth_permission_content_type_id_codename_01ab375a_uniq UNIQUE (content_type_id, codename);


--
-- Name: auth_permission auth_permission_pkey; Type: CONSTRAINT; Schema: public; Owner: behruz
--

ALTER TABLE ONLY public.auth_permission
    ADD CONSTRAINT auth_permission_pkey PRIMARY KEY (id);


--
-- Name: django_admin_log django_admin_log_pkey; Type: CONSTRAINT; Schema: public; Owner: behruz
--

ALTER TABLE ONLY public.django_admin_log
    ADD CONSTRAINT django_admin_log_pkey PRIMARY KEY (id);


--
-- Name: django_content_type django_content_type_app_label_model_76bd3d3b_uniq; Type: CONSTRAINT; Schema: public; Owner: behruz
--

ALTER TABLE ONLY public.django_content_type
    ADD CONSTRAINT django_content_type_app_label_model_76bd3d3b_uniq UNIQUE (app_label, model);


--
-- Name: django_content_type django_content_type_pkey; Type: CONSTRAINT; Schema: public; Owner: behruz
--

ALTER TABLE ONLY public.django_content_type
    ADD CONSTRAINT django_content_type_pkey PRIMARY KEY (id);


--
-- Name: django_migrations django_migrations_pkey; Type: CONSTRAINT; Schema: public; Owner: behruz
--

ALTER TABLE ONLY public.django_migrations
    ADD CONSTRAINT django_migrations_pkey PRIMARY KEY (id);


--
-- Name: django_session django_session_pkey; Type: CONSTRAINT; Schema: public; Owner: behruz
--

ALTER TABLE ONLY public.django_session
    ADD CONSTRAINT django_session_pkey PRIMARY KEY (session_key);


--
-- Name: orders_distributedproduct orders_distributedproduct_pkey; Type: CONSTRAINT; Schema: public; Owner: behruz
--

ALTER TABLE ONLY public.orders_distributedproduct
    ADD CONSTRAINT orders_distributedproduct_pkey PRIMARY KEY (id);


--
-- Name: orders_order orders_order_pkey; Type: CONSTRAINT; Schema: public; Owner: behruz
--

ALTER TABLE ONLY public.orders_order
    ADD CONSTRAINT orders_order_pkey PRIMARY KEY (id);


--
-- Name: orders_orderitem orders_orderitem_pkey; Type: CONSTRAINT; Schema: public; Owner: behruz
--

ALTER TABLE ONLY public.orders_orderitem
    ADD CONSTRAINT orders_orderitem_pkey PRIMARY KEY (id);


--
-- Name: orders_payment orders_payment_pkey; Type: CONSTRAINT; Schema: public; Owner: behruz
--

ALTER TABLE ONLY public.orders_payment
    ADD CONSTRAINT orders_payment_pkey PRIMARY KEY (id);


--
-- Name: orders_product orders_product_pkey; Type: CONSTRAINT; Schema: public; Owner: behruz
--

ALTER TABLE ONLY public.orders_product
    ADD CONSTRAINT orders_product_pkey PRIMARY KEY (id);


--
-- Name: shared_district shared_district_pkey; Type: CONSTRAINT; Schema: public; Owner: behruz
--

ALTER TABLE ONLY public.shared_district
    ADD CONSTRAINT shared_district_pkey PRIMARY KEY (id);


--
-- Name: shared_district shared_district_user_id_name_10bf3f10_uniq; Type: CONSTRAINT; Schema: public; Owner: behruz
--

ALTER TABLE ONLY public.shared_district
    ADD CONSTRAINT shared_district_user_id_name_10bf3f10_uniq UNIQUE (user_id, name);


--
-- Name: shared_doctor shared_doctor_pkey; Type: CONSTRAINT; Schema: public; Owner: behruz
--

ALTER TABLE ONLY public.shared_doctor
    ADD CONSTRAINT shared_doctor_pkey PRIMARY KEY (id);


--
-- Name: shared_factory shared_factory_pkey; Type: CONSTRAINT; Schema: public; Owner: behruz
--

ALTER TABLE ONLY public.shared_factory
    ADD CONSTRAINT shared_factory_pkey PRIMARY KEY (id);


--
-- Name: shared_location shared_location_pkey; Type: CONSTRAINT; Schema: public; Owner: behruz
--

ALTER TABLE ONLY public.shared_location
    ADD CONSTRAINT shared_location_pkey PRIMARY KEY (id);


--
-- Name: shared_pharmacy shared_pharmacy_pkey; Type: CONSTRAINT; Schema: public; Owner: behruz
--

ALTER TABLE ONLY public.shared_pharmacy
    ADD CONSTRAINT shared_pharmacy_pkey PRIMARY KEY (id);


--
-- Name: shared_place shared_place_pkey; Type: CONSTRAINT; Schema: public; Owner: behruz
--

ALTER TABLE ONLY public.shared_place
    ADD CONSTRAINT shared_place_pkey PRIMARY KEY (id);


--
-- Name: shared_plan shared_plan_pkey; Type: CONSTRAINT; Schema: public; Owner: behruz
--

ALTER TABLE ONLY public.shared_plan
    ADD CONSTRAINT shared_plan_pkey PRIMARY KEY (id);


--
-- Name: shared_region shared_region_name_key; Type: CONSTRAINT; Schema: public; Owner: behruz
--

ALTER TABLE ONLY public.shared_region
    ADD CONSTRAINT shared_region_name_key UNIQUE (name);


--
-- Name: shared_region shared_region_pkey; Type: CONSTRAINT; Schema: public; Owner: behruz
--

ALTER TABLE ONLY public.shared_region
    ADD CONSTRAINT shared_region_pkey PRIMARY KEY (id);


--
-- Name: shared_support shared_support_pkey; Type: CONSTRAINT; Schema: public; Owner: behruz
--

ALTER TABLE ONLY public.shared_support
    ADD CONSTRAINT shared_support_pkey PRIMARY KEY (id);


--
-- Name: shared_tourplan shared_tourplan_pkey; Type: CONSTRAINT; Schema: public; Owner: behruz
--

ALTER TABLE ONLY public.shared_tourplan
    ADD CONSTRAINT shared_tourplan_pkey PRIMARY KEY (id);


--
-- Name: shared_userlocation shared_userlocation_pkey; Type: CONSTRAINT; Schema: public; Owner: behruz
--

ALTER TABLE ONLY public.shared_userlocation
    ADD CONSTRAINT shared_userlocation_pkey PRIMARY KEY (id);


--
-- Name: accounts_user_groups_group_id_bd11a704; Type: INDEX; Schema: public; Owner: behruz
--

CREATE INDEX accounts_user_groups_group_id_bd11a704 ON public.accounts_user_groups USING btree (group_id);


--
-- Name: accounts_user_groups_user_id_52b62117; Type: INDEX; Schema: public; Owner: behruz
--

CREATE INDEX accounts_user_groups_user_id_52b62117 ON public.accounts_user_groups USING btree (user_id);


--
-- Name: accounts_user_region_id_6f4e501a; Type: INDEX; Schema: public; Owner: behruz
--

CREATE INDEX accounts_user_region_id_6f4e501a ON public.accounts_user USING btree (region_id);


--
-- Name: accounts_user_user_permissions_permission_id_113bb443; Type: INDEX; Schema: public; Owner: behruz
--

CREATE INDEX accounts_user_user_permissions_permission_id_113bb443 ON public.accounts_user_user_permissions USING btree (permission_id);


--
-- Name: accounts_user_user_permissions_user_id_e4f0a161; Type: INDEX; Schema: public; Owner: behruz
--

CREATE INDEX accounts_user_user_permissions_user_id_e4f0a161 ON public.accounts_user_user_permissions USING btree (user_id);


--
-- Name: accounts_user_username_6088629e_like; Type: INDEX; Schema: public; Owner: behruz
--

CREATE INDEX accounts_user_username_6088629e_like ON public.accounts_user USING btree (username varchar_pattern_ops);


--
-- Name: auth_group_name_a6ea08ec_like; Type: INDEX; Schema: public; Owner: behruz
--

CREATE INDEX auth_group_name_a6ea08ec_like ON public.auth_group USING btree (name varchar_pattern_ops);


--
-- Name: auth_group_permissions_group_id_b120cbf9; Type: INDEX; Schema: public; Owner: behruz
--

CREATE INDEX auth_group_permissions_group_id_b120cbf9 ON public.auth_group_permissions USING btree (group_id);


--
-- Name: auth_group_permissions_permission_id_84c5c92e; Type: INDEX; Schema: public; Owner: behruz
--

CREATE INDEX auth_group_permissions_permission_id_84c5c92e ON public.auth_group_permissions USING btree (permission_id);


--
-- Name: auth_permission_content_type_id_2f476e4b; Type: INDEX; Schema: public; Owner: behruz
--

CREATE INDEX auth_permission_content_type_id_2f476e4b ON public.auth_permission USING btree (content_type_id);


--
-- Name: django_admin_log_content_type_id_c4bce8eb; Type: INDEX; Schema: public; Owner: behruz
--

CREATE INDEX django_admin_log_content_type_id_c4bce8eb ON public.django_admin_log USING btree (content_type_id);


--
-- Name: django_admin_log_user_id_c564eba6; Type: INDEX; Schema: public; Owner: behruz
--

CREATE INDEX django_admin_log_user_id_c564eba6 ON public.django_admin_log USING btree (user_id);


--
-- Name: django_session_expire_date_a5c62663; Type: INDEX; Schema: public; Owner: behruz
--

CREATE INDEX django_session_expire_date_a5c62663 ON public.django_session USING btree (expire_date);


--
-- Name: django_session_session_key_c0390e0f_like; Type: INDEX; Schema: public; Owner: behruz
--

CREATE INDEX django_session_session_key_c0390e0f_like ON public.django_session USING btree (session_key varchar_pattern_ops);


--
-- Name: orders_distributedproduct_product_id_563f3416; Type: INDEX; Schema: public; Owner: behruz
--

CREATE INDEX orders_distributedproduct_product_id_563f3416 ON public.orders_distributedproduct USING btree (product_id);


--
-- Name: orders_distributedproduct_user_id_cb061b65; Type: INDEX; Schema: public; Owner: behruz
--

CREATE INDEX orders_distributedproduct_user_id_cb061b65 ON public.orders_distributedproduct USING btree (user_id);


--
-- Name: orders_order_factory_id_18fb3900; Type: INDEX; Schema: public; Owner: behruz
--

CREATE INDEX orders_order_factory_id_18fb3900 ON public.orders_order USING btree (factory_id);


--
-- Name: orders_order_user_id_e9b59eb1; Type: INDEX; Schema: public; Owner: behruz
--

CREATE INDEX orders_order_user_id_e9b59eb1 ON public.orders_order USING btree (user_id);


--
-- Name: orders_orderitem_order_id_fe61a34d; Type: INDEX; Schema: public; Owner: behruz
--

CREATE INDEX orders_orderitem_order_id_fe61a34d ON public.orders_orderitem USING btree (order_id);


--
-- Name: orders_orderitem_product_id_afe4254a; Type: INDEX; Schema: public; Owner: behruz
--

CREATE INDEX orders_orderitem_product_id_afe4254a ON public.orders_orderitem USING btree (product_id);


--
-- Name: orders_payment_order_id_bdccf250; Type: INDEX; Schema: public; Owner: behruz
--

CREATE INDEX orders_payment_order_id_bdccf250 ON public.orders_payment USING btree (order_id);


--
-- Name: shared_district_user_id_983f1912; Type: INDEX; Schema: public; Owner: behruz
--

CREATE INDEX shared_district_user_id_983f1912 ON public.shared_district USING btree (user_id);


--
-- Name: shared_doctor_district_id_de7b0209; Type: INDEX; Schema: public; Owner: behruz
--

CREATE INDEX shared_doctor_district_id_de7b0209 ON public.shared_doctor USING btree (district_id);


--
-- Name: shared_doctor_place_id_8be06b84; Type: INDEX; Schema: public; Owner: behruz
--

CREATE INDEX shared_doctor_place_id_8be06b84 ON public.shared_doctor USING btree (place_id);


--
-- Name: shared_doctor_user_id_9acc99be; Type: INDEX; Schema: public; Owner: behruz
--

CREATE INDEX shared_doctor_user_id_9acc99be ON public.shared_doctor USING btree (user_id);


--
-- Name: shared_location_district_id_97d8861e; Type: INDEX; Schema: public; Owner: behruz
--

CREATE INDEX shared_location_district_id_97d8861e ON public.shared_location USING btree (district_id);


--
-- Name: shared_location_doctor_id_e0c9ed4c; Type: INDEX; Schema: public; Owner: behruz
--

CREATE INDEX shared_location_doctor_id_e0c9ed4c ON public.shared_location USING btree (doctor_id);


--
-- Name: shared_location_pharmacy_id_e7224408; Type: INDEX; Schema: public; Owner: behruz
--

CREATE INDEX shared_location_pharmacy_id_e7224408 ON public.shared_location USING btree (pharmacy_id);


--
-- Name: shared_location_place_id_6f4ce8d1; Type: INDEX; Schema: public; Owner: behruz
--

CREATE INDEX shared_location_place_id_6f4ce8d1 ON public.shared_location USING btree (place_id);


--
-- Name: shared_location_user_id_2672c329; Type: INDEX; Schema: public; Owner: behruz
--

CREATE INDEX shared_location_user_id_2672c329 ON public.shared_location USING btree (user_id);


--
-- Name: shared_pharmacy_district_id_24811e4d; Type: INDEX; Schema: public; Owner: behruz
--

CREATE INDEX shared_pharmacy_district_id_24811e4d ON public.shared_pharmacy USING btree (district_id);


--
-- Name: shared_pharmacy_place_id_abc92488; Type: INDEX; Schema: public; Owner: behruz
--

CREATE INDEX shared_pharmacy_place_id_abc92488 ON public.shared_pharmacy USING btree (place_id);


--
-- Name: shared_pharmacy_user_id_d39a2990; Type: INDEX; Schema: public; Owner: behruz
--

CREATE INDEX shared_pharmacy_user_id_d39a2990 ON public.shared_pharmacy USING btree (user_id);


--
-- Name: shared_place_district_id_bdcbb8e6; Type: INDEX; Schema: public; Owner: behruz
--

CREATE INDEX shared_place_district_id_bdcbb8e6 ON public.shared_place USING btree (district_id);


--
-- Name: shared_place_user_id_d3cc79ba; Type: INDEX; Schema: public; Owner: behruz
--

CREATE INDEX shared_place_user_id_d3cc79ba ON public.shared_place USING btree (user_id);


--
-- Name: shared_plan_doctor_id_cf980820; Type: INDEX; Schema: public; Owner: behruz
--

CREATE INDEX shared_plan_doctor_id_cf980820 ON public.shared_plan USING btree (doctor_id);


--
-- Name: shared_plan_pharmacy_id_731443ec; Type: INDEX; Schema: public; Owner: behruz
--

CREATE INDEX shared_plan_pharmacy_id_731443ec ON public.shared_plan USING btree (pharmacy_id);


--
-- Name: shared_plan_user_id_84508f6f; Type: INDEX; Schema: public; Owner: behruz
--

CREATE INDEX shared_plan_user_id_84508f6f ON public.shared_plan USING btree (user_id);


--
-- Name: shared_region_name_e8bc2865_like; Type: INDEX; Schema: public; Owner: behruz
--

CREATE INDEX shared_region_name_e8bc2865_like ON public.shared_region USING btree (name varchar_pattern_ops);


--
-- Name: shared_support_district_id_c5fc9d1a; Type: INDEX; Schema: public; Owner: behruz
--

CREATE INDEX shared_support_district_id_c5fc9d1a ON public.shared_support USING btree (district_id);


--
-- Name: shared_support_user_id_7ee562f4; Type: INDEX; Schema: public; Owner: behruz
--

CREATE INDEX shared_support_user_id_7ee562f4 ON public.shared_support USING btree (user_id);


--
-- Name: shared_tourplan_user_id_2dde8cde; Type: INDEX; Schema: public; Owner: behruz
--

CREATE INDEX shared_tourplan_user_id_2dde8cde ON public.shared_tourplan USING btree (user_id);


--
-- Name: shared_userlocation_user_id_83620b24; Type: INDEX; Schema: public; Owner: behruz
--

CREATE INDEX shared_userlocation_user_id_83620b24 ON public.shared_userlocation USING btree (user_id);


--
-- Name: accounts_user_groups accounts_user_groups_group_id_bd11a704_fk_auth_group_id; Type: FK CONSTRAINT; Schema: public; Owner: behruz
--

ALTER TABLE ONLY public.accounts_user_groups
    ADD CONSTRAINT accounts_user_groups_group_id_bd11a704_fk_auth_group_id FOREIGN KEY (group_id) REFERENCES public.auth_group(id) DEFERRABLE INITIALLY DEFERRED;


--
-- Name: accounts_user_groups accounts_user_groups_user_id_52b62117_fk_accounts_user_id; Type: FK CONSTRAINT; Schema: public; Owner: behruz
--

ALTER TABLE ONLY public.accounts_user_groups
    ADD CONSTRAINT accounts_user_groups_user_id_52b62117_fk_accounts_user_id FOREIGN KEY (user_id) REFERENCES public.accounts_user(id) DEFERRABLE INITIALLY DEFERRED;


--
-- Name: accounts_user accounts_user_region_id_6f4e501a_fk_shared_region_id; Type: FK CONSTRAINT; Schema: public; Owner: behruz
--

ALTER TABLE ONLY public.accounts_user
    ADD CONSTRAINT accounts_user_region_id_6f4e501a_fk_shared_region_id FOREIGN KEY (region_id) REFERENCES public.shared_region(id) DEFERRABLE INITIALLY DEFERRED;


--
-- Name: accounts_user_user_permissions accounts_user_user_p_permission_id_113bb443_fk_auth_perm; Type: FK CONSTRAINT; Schema: public; Owner: behruz
--

ALTER TABLE ONLY public.accounts_user_user_permissions
    ADD CONSTRAINT accounts_user_user_p_permission_id_113bb443_fk_auth_perm FOREIGN KEY (permission_id) REFERENCES public.auth_permission(id) DEFERRABLE INITIALLY DEFERRED;


--
-- Name: accounts_user_user_permissions accounts_user_user_p_user_id_e4f0a161_fk_accounts_; Type: FK CONSTRAINT; Schema: public; Owner: behruz
--

ALTER TABLE ONLY public.accounts_user_user_permissions
    ADD CONSTRAINT accounts_user_user_p_user_id_e4f0a161_fk_accounts_ FOREIGN KEY (user_id) REFERENCES public.accounts_user(id) DEFERRABLE INITIALLY DEFERRED;


--
-- Name: auth_group_permissions auth_group_permissio_permission_id_84c5c92e_fk_auth_perm; Type: FK CONSTRAINT; Schema: public; Owner: behruz
--

ALTER TABLE ONLY public.auth_group_permissions
    ADD CONSTRAINT auth_group_permissio_permission_id_84c5c92e_fk_auth_perm FOREIGN KEY (permission_id) REFERENCES public.auth_permission(id) DEFERRABLE INITIALLY DEFERRED;


--
-- Name: auth_group_permissions auth_group_permissions_group_id_b120cbf9_fk_auth_group_id; Type: FK CONSTRAINT; Schema: public; Owner: behruz
--

ALTER TABLE ONLY public.auth_group_permissions
    ADD CONSTRAINT auth_group_permissions_group_id_b120cbf9_fk_auth_group_id FOREIGN KEY (group_id) REFERENCES public.auth_group(id) DEFERRABLE INITIALLY DEFERRED;


--
-- Name: auth_permission auth_permission_content_type_id_2f476e4b_fk_django_co; Type: FK CONSTRAINT; Schema: public; Owner: behruz
--

ALTER TABLE ONLY public.auth_permission
    ADD CONSTRAINT auth_permission_content_type_id_2f476e4b_fk_django_co FOREIGN KEY (content_type_id) REFERENCES public.django_content_type(id) DEFERRABLE INITIALLY DEFERRED;


--
-- Name: django_admin_log django_admin_log_content_type_id_c4bce8eb_fk_django_co; Type: FK CONSTRAINT; Schema: public; Owner: behruz
--

ALTER TABLE ONLY public.django_admin_log
    ADD CONSTRAINT django_admin_log_content_type_id_c4bce8eb_fk_django_co FOREIGN KEY (content_type_id) REFERENCES public.django_content_type(id) DEFERRABLE INITIALLY DEFERRED;


--
-- Name: django_admin_log django_admin_log_user_id_c564eba6_fk_accounts_user_id; Type: FK CONSTRAINT; Schema: public; Owner: behruz
--

ALTER TABLE ONLY public.django_admin_log
    ADD CONSTRAINT django_admin_log_user_id_c564eba6_fk_accounts_user_id FOREIGN KEY (user_id) REFERENCES public.accounts_user(id) DEFERRABLE INITIALLY DEFERRED;


--
-- Name: orders_distributedproduct orders_distributedpr_product_id_563f3416_fk_orders_pr; Type: FK CONSTRAINT; Schema: public; Owner: behruz
--

ALTER TABLE ONLY public.orders_distributedproduct
    ADD CONSTRAINT orders_distributedpr_product_id_563f3416_fk_orders_pr FOREIGN KEY (product_id) REFERENCES public.orders_product(id) DEFERRABLE INITIALLY DEFERRED;


--
-- Name: orders_distributedproduct orders_distributedproduct_user_id_cb061b65_fk_accounts_user_id; Type: FK CONSTRAINT; Schema: public; Owner: behruz
--

ALTER TABLE ONLY public.orders_distributedproduct
    ADD CONSTRAINT orders_distributedproduct_user_id_cb061b65_fk_accounts_user_id FOREIGN KEY (user_id) REFERENCES public.accounts_user(id) DEFERRABLE INITIALLY DEFERRED;


--
-- Name: orders_order orders_order_factory_id_18fb3900_fk_shared_factory_id; Type: FK CONSTRAINT; Schema: public; Owner: behruz
--

ALTER TABLE ONLY public.orders_order
    ADD CONSTRAINT orders_order_factory_id_18fb3900_fk_shared_factory_id FOREIGN KEY (factory_id) REFERENCES public.shared_factory(id) DEFERRABLE INITIALLY DEFERRED;


--
-- Name: orders_order orders_order_user_id_e9b59eb1_fk_accounts_user_id; Type: FK CONSTRAINT; Schema: public; Owner: behruz
--

ALTER TABLE ONLY public.orders_order
    ADD CONSTRAINT orders_order_user_id_e9b59eb1_fk_accounts_user_id FOREIGN KEY (user_id) REFERENCES public.accounts_user(id) DEFERRABLE INITIALLY DEFERRED;


--
-- Name: orders_orderitem orders_orderitem_order_id_fe61a34d_fk_orders_order_id; Type: FK CONSTRAINT; Schema: public; Owner: behruz
--

ALTER TABLE ONLY public.orders_orderitem
    ADD CONSTRAINT orders_orderitem_order_id_fe61a34d_fk_orders_order_id FOREIGN KEY (order_id) REFERENCES public.orders_order(id) DEFERRABLE INITIALLY DEFERRED;


--
-- Name: orders_orderitem orders_orderitem_product_id_afe4254a_fk_orders_product_id; Type: FK CONSTRAINT; Schema: public; Owner: behruz
--

ALTER TABLE ONLY public.orders_orderitem
    ADD CONSTRAINT orders_orderitem_product_id_afe4254a_fk_orders_product_id FOREIGN KEY (product_id) REFERENCES public.orders_product(id) DEFERRABLE INITIALLY DEFERRED;


--
-- Name: orders_payment orders_payment_order_id_bdccf250_fk_orders_order_id; Type: FK CONSTRAINT; Schema: public; Owner: behruz
--

ALTER TABLE ONLY public.orders_payment
    ADD CONSTRAINT orders_payment_order_id_bdccf250_fk_orders_order_id FOREIGN KEY (order_id) REFERENCES public.orders_order(id) DEFERRABLE INITIALLY DEFERRED;


--
-- Name: shared_district shared_district_user_id_983f1912_fk_accounts_user_id; Type: FK CONSTRAINT; Schema: public; Owner: behruz
--

ALTER TABLE ONLY public.shared_district
    ADD CONSTRAINT shared_district_user_id_983f1912_fk_accounts_user_id FOREIGN KEY (user_id) REFERENCES public.accounts_user(id) DEFERRABLE INITIALLY DEFERRED;


--
-- Name: shared_doctor shared_doctor_district_id_de7b0209_fk_shared_district_id; Type: FK CONSTRAINT; Schema: public; Owner: behruz
--

ALTER TABLE ONLY public.shared_doctor
    ADD CONSTRAINT shared_doctor_district_id_de7b0209_fk_shared_district_id FOREIGN KEY (district_id) REFERENCES public.shared_district(id) DEFERRABLE INITIALLY DEFERRED;


--
-- Name: shared_doctor shared_doctor_place_id_8be06b84_fk_shared_place_id; Type: FK CONSTRAINT; Schema: public; Owner: behruz
--

ALTER TABLE ONLY public.shared_doctor
    ADD CONSTRAINT shared_doctor_place_id_8be06b84_fk_shared_place_id FOREIGN KEY (place_id) REFERENCES public.shared_place(id) DEFERRABLE INITIALLY DEFERRED;


--
-- Name: shared_doctor shared_doctor_user_id_9acc99be_fk_accounts_user_id; Type: FK CONSTRAINT; Schema: public; Owner: behruz
--

ALTER TABLE ONLY public.shared_doctor
    ADD CONSTRAINT shared_doctor_user_id_9acc99be_fk_accounts_user_id FOREIGN KEY (user_id) REFERENCES public.accounts_user(id) DEFERRABLE INITIALLY DEFERRED;


--
-- Name: shared_location shared_location_district_id_97d8861e_fk_shared_district_id; Type: FK CONSTRAINT; Schema: public; Owner: behruz
--

ALTER TABLE ONLY public.shared_location
    ADD CONSTRAINT shared_location_district_id_97d8861e_fk_shared_district_id FOREIGN KEY (district_id) REFERENCES public.shared_district(id) DEFERRABLE INITIALLY DEFERRED;


--
-- Name: shared_location shared_location_doctor_id_e0c9ed4c_fk_shared_doctor_id; Type: FK CONSTRAINT; Schema: public; Owner: behruz
--

ALTER TABLE ONLY public.shared_location
    ADD CONSTRAINT shared_location_doctor_id_e0c9ed4c_fk_shared_doctor_id FOREIGN KEY (doctor_id) REFERENCES public.shared_doctor(id) DEFERRABLE INITIALLY DEFERRED;


--
-- Name: shared_location shared_location_pharmacy_id_e7224408_fk_shared_pharmacy_id; Type: FK CONSTRAINT; Schema: public; Owner: behruz
--

ALTER TABLE ONLY public.shared_location
    ADD CONSTRAINT shared_location_pharmacy_id_e7224408_fk_shared_pharmacy_id FOREIGN KEY (pharmacy_id) REFERENCES public.shared_pharmacy(id) DEFERRABLE INITIALLY DEFERRED;


--
-- Name: shared_location shared_location_place_id_6f4ce8d1_fk_shared_place_id; Type: FK CONSTRAINT; Schema: public; Owner: behruz
--

ALTER TABLE ONLY public.shared_location
    ADD CONSTRAINT shared_location_place_id_6f4ce8d1_fk_shared_place_id FOREIGN KEY (place_id) REFERENCES public.shared_place(id) DEFERRABLE INITIALLY DEFERRED;


--
-- Name: shared_location shared_location_user_id_2672c329_fk_accounts_user_id; Type: FK CONSTRAINT; Schema: public; Owner: behruz
--

ALTER TABLE ONLY public.shared_location
    ADD CONSTRAINT shared_location_user_id_2672c329_fk_accounts_user_id FOREIGN KEY (user_id) REFERENCES public.accounts_user(id) DEFERRABLE INITIALLY DEFERRED;


--
-- Name: shared_pharmacy shared_pharmacy_district_id_24811e4d_fk_shared_district_id; Type: FK CONSTRAINT; Schema: public; Owner: behruz
--

ALTER TABLE ONLY public.shared_pharmacy
    ADD CONSTRAINT shared_pharmacy_district_id_24811e4d_fk_shared_district_id FOREIGN KEY (district_id) REFERENCES public.shared_district(id) DEFERRABLE INITIALLY DEFERRED;


--
-- Name: shared_pharmacy shared_pharmacy_place_id_abc92488_fk_shared_place_id; Type: FK CONSTRAINT; Schema: public; Owner: behruz
--

ALTER TABLE ONLY public.shared_pharmacy
    ADD CONSTRAINT shared_pharmacy_place_id_abc92488_fk_shared_place_id FOREIGN KEY (place_id) REFERENCES public.shared_place(id) DEFERRABLE INITIALLY DEFERRED;


--
-- Name: shared_pharmacy shared_pharmacy_user_id_d39a2990_fk_accounts_user_id; Type: FK CONSTRAINT; Schema: public; Owner: behruz
--

ALTER TABLE ONLY public.shared_pharmacy
    ADD CONSTRAINT shared_pharmacy_user_id_d39a2990_fk_accounts_user_id FOREIGN KEY (user_id) REFERENCES public.accounts_user(id) DEFERRABLE INITIALLY DEFERRED;


--
-- Name: shared_place shared_place_district_id_bdcbb8e6_fk_shared_district_id; Type: FK CONSTRAINT; Schema: public; Owner: behruz
--

ALTER TABLE ONLY public.shared_place
    ADD CONSTRAINT shared_place_district_id_bdcbb8e6_fk_shared_district_id FOREIGN KEY (district_id) REFERENCES public.shared_district(id) DEFERRABLE INITIALLY DEFERRED;


--
-- Name: shared_place shared_place_user_id_d3cc79ba_fk_accounts_user_id; Type: FK CONSTRAINT; Schema: public; Owner: behruz
--

ALTER TABLE ONLY public.shared_place
    ADD CONSTRAINT shared_place_user_id_d3cc79ba_fk_accounts_user_id FOREIGN KEY (user_id) REFERENCES public.accounts_user(id) DEFERRABLE INITIALLY DEFERRED;


--
-- Name: shared_plan shared_plan_doctor_id_cf980820_fk_shared_doctor_id; Type: FK CONSTRAINT; Schema: public; Owner: behruz
--

ALTER TABLE ONLY public.shared_plan
    ADD CONSTRAINT shared_plan_doctor_id_cf980820_fk_shared_doctor_id FOREIGN KEY (doctor_id) REFERENCES public.shared_doctor(id) DEFERRABLE INITIALLY DEFERRED;


--
-- Name: shared_plan shared_plan_pharmacy_id_731443ec_fk_shared_pharmacy_id; Type: FK CONSTRAINT; Schema: public; Owner: behruz
--

ALTER TABLE ONLY public.shared_plan
    ADD CONSTRAINT shared_plan_pharmacy_id_731443ec_fk_shared_pharmacy_id FOREIGN KEY (pharmacy_id) REFERENCES public.shared_pharmacy(id) DEFERRABLE INITIALLY DEFERRED;


--
-- Name: shared_plan shared_plan_user_id_84508f6f_fk_accounts_user_id; Type: FK CONSTRAINT; Schema: public; Owner: behruz
--

ALTER TABLE ONLY public.shared_plan
    ADD CONSTRAINT shared_plan_user_id_84508f6f_fk_accounts_user_id FOREIGN KEY (user_id) REFERENCES public.accounts_user(id) DEFERRABLE INITIALLY DEFERRED;


--
-- Name: shared_support shared_support_district_id_c5fc9d1a_fk_shared_district_id; Type: FK CONSTRAINT; Schema: public; Owner: behruz
--

ALTER TABLE ONLY public.shared_support
    ADD CONSTRAINT shared_support_district_id_c5fc9d1a_fk_shared_district_id FOREIGN KEY (district_id) REFERENCES public.shared_district(id) DEFERRABLE INITIALLY DEFERRED;


--
-- Name: shared_support shared_support_user_id_7ee562f4_fk_accounts_user_id; Type: FK CONSTRAINT; Schema: public; Owner: behruz
--

ALTER TABLE ONLY public.shared_support
    ADD CONSTRAINT shared_support_user_id_7ee562f4_fk_accounts_user_id FOREIGN KEY (user_id) REFERENCES public.accounts_user(id) DEFERRABLE INITIALLY DEFERRED;


--
-- Name: shared_tourplan shared_tourplan_user_id_2dde8cde_fk_accounts_user_id; Type: FK CONSTRAINT; Schema: public; Owner: behruz
--

ALTER TABLE ONLY public.shared_tourplan
    ADD CONSTRAINT shared_tourplan_user_id_2dde8cde_fk_accounts_user_id FOREIGN KEY (user_id) REFERENCES public.accounts_user(id) DEFERRABLE INITIALLY DEFERRED;


--
-- Name: shared_userlocation shared_userlocation_user_id_83620b24_fk_accounts_user_id; Type: FK CONSTRAINT; Schema: public; Owner: behruz
--

ALTER TABLE ONLY public.shared_userlocation
    ADD CONSTRAINT shared_userlocation_user_id_83620b24_fk_accounts_user_id FOREIGN KEY (user_id) REFERENCES public.accounts_user(id) DEFERRABLE INITIALLY DEFERRED;


--
-- PostgreSQL database dump complete
--

\unrestrict G8Rrqt7Eyum5UCZZvFIj2y7BZGHhHJ0veaOxaNGgZTleejDZNwkaCmMTgnu5eNF

